PassengerId,Survived,Pclass,Name,Sex,Age,SibSp,Parch,Ticket,Fare,Cabin,Embarked
1,0,3,Passenger,male,22,1,0,A/5 21171,7.25,,S
2,1,1,Passenger,female,38,1,0,A/5 21171,71.28,,C
3,1,3,Passenger,female,26,0,0,A/5 21171,7.92,,S
4,1,1,Passenger,female,35,1,0,A/5 21171,53.1,,S
5,0,3,Passenger,male,35,0,0,A/5 21171,8.05,,S
6,0,3,Passenger,male,22,1,0,A/5 21171,7.25,,S
7,1,1,Passenger,female,38,1,0,A/5 21171,71.28,,C
8,1,3,Passenger,female,26,0,0,A/5 21171,7.92,,S
9,1,1,Passenger,female,35,1,0,A/5 21171,53.1,,S
10,0,3,Passenger,male,35,0,0,A/5 21171,8.05,,S
11,0,3,Passenger,male,22,1,0,A/5 21171,7.25,,S
12,1,1,Passenger,female,38,1,0,A/5 21171,71.28,,C
13,1,3,Passenger,female,26,0,0,A/5 21171,7.92,,S
14,1,1,Passenger,female,35,1,0,A/5 21171,53.1,,S
15,0,3,Passenger,male,35,0,0,A/5 21171,8.05,,S
16,0,3,Passenger,male,22,1,0,A/5 21171,7.25,,S
17,1,1,Passenger,female,38,1,0,A/5 21171,71.28,,C
18,1,3,Passenger,female,26,0,0,A/5 21171,7.92,,S
19,1,1,Passenger,female,35,1,0,A/5 21171,53.1,,S
20,0,3,Passenger,male,35,0,0,A/5 21171,8.05,,S
21,0,3,Passenger,male,22,1,0,A/5 21171,7.25,,S
22,1,1,Passenger,female,38,1,0,A/5 21171,71.28,,C
23,1,3,Passenger,female,26,0,0,A/5 21171,7.92,,S
24,1,1,Passenger,female,35,1,0,A/5 21171,53.1,,S
25,0,3,Passenger,male,35,0,0,A/5 21171,8.05,,S
26,0,3,Passenger,male,22,1,0,A/5 21171,7.25,,S
27,1,1,Passenger,female,38,1,0,A/5 21171,71.28,,C
28,1,3,Passenger,female,26,0,0,A/5 21171,7.92,,S
29,1,1,Passenger,female,35,1,0,A/5 21171,53.1,,S
30,0,3,Passenger,male,35,0,0,A/5 21171,8.05,,S
31,0,3,Passenger,male,22,1,0,A/5 21171,7.25,,S
32,1,1,Passenger,female,38,1,0,A/5 21171,71.28,,C
33,1,3,Passenger,female,26,0,0,A/5 21171,7.92,,S
34,1,1,Passenger,female,35,1,0,A/5 21171,53.1,,S
35,0,3,Passenger,male,35,0,0,A/5 21171,8.05,,S
36,0,3,Passenger,male,22,1,0,A/5 21171,7.25,,S
37,1,1,Passenger,female,38,1,0,A/5 21171,71.28,,C
38,1,3,Passenger,female,26,0,0,A/5 21171,7.92,,S
39,1,1,Passenger,female,35,1,0,A/5 21171,53.1,,S
40,0,3,Passenger,male,35,0,0,A/5 21171,8.05,,S
41,0,3,Passenger,male,22,1,0,A/5 21171,7.25,,S
42,1,1,Passenger,female,38,1,0,A/5 21171,71.28,,C
43,1,3,Passenger,female,26,0,0,A/5 21171,7.92,,S
44,1,1,Passenger,female,35,1,0,A/5 21171,53.1,,S
45,0,3,Passenger,male,35,0,0,A/5 21171,8.05,,S
46,0,3,Passenger,male,22,1,0,A/5 21171,7.25,,S
47,1,1,Passenger,female,38,1,0,A/5 21171,71.28,,C
48,1,3,Passenger,female,26,0,0,A/5 21171,7.92,,S
49,1,1,Passenger,female,35,1,0,A/5 21171,53.1,,S
50,0,3,Passenger,male,35,0,0,A/5 21171,8.05,,S
51,0,3,Passenger,male,22,1,0,A/5 21171,7.25,,S
52,1,1,Passenger,female,38,1,0,A/5 21171,71.28,,C
53,1,3,Passenger,female,26,0,0,A/5 21171,7.92,,S
54,1,1,Passenger,female,35,1,0,A/5 21171,53.1,,S
55,0,3,Passenger,male,35,0,0,A/5 21171,8.05,,S
56,0,3,Passenger,male,22,1,0,A/5 21171,7.25,,S
57,1,1,Passenger,female,38,1,0,A/5 21171,71.28,,C
58,1,3,Passenger,female,26,0,0,A/5 21171,7.92,,S
59,1,1,Passenger,female,35,1,0,A/5 21171,53.1,,S
60,0,3,Passenger,male,35,0,0,A/5 21171,8.05,,S
61,0,3,Passenger,male,22,1,0,A/5 21171,7.25,,S
62,1,1,Passenger,female,38,1,0,A/5 21171,71.28,,C
63,1,3,Passenger,female,26,0,0,A/5 21171,7.92,,S
64,1,1,Passenger,female,35,1,0,A/5 21171,53.1,,S
65,0,3,Passenger,male,35,0,0,A/5 21171,8.05,,S
66,0,3,Passenger,male,22,1,0,A/5 21171,7.25,,S
67,1,1,Passenger,female,38,1,0,A/5 21171,71.28,,C
68,1,3,Passenger,female,26,0,0,A/5 21171,7.92,,S
69,1,1,Passenger,female,35,1,0,A/5 21171,53.1,,S
70,0,3,Passenger,male,35,0,0,A/5 21171,8.05,,S
71,0,3,Passenger,male,22,1,0,A/5 21171,7.25,,S
72,1,1,Passenger,female,38,1,0,A/5 21171,71.28,,C
73,1,3,Passenger,female,26,0,0,A/5 21171,7.92,,S
74,1,1,Passenger,female,35,1,0,A/5 21171,53.1,,S
75,0,3,Passenger,male,35,0,0,A/5 21171,8.05,,S
76,0,3,Passenger,male,22,1,0,A/5 21171,7.25,,S
77,1,1,Passenger,female,38,1,0,A/5 21171,71.28,,C
78,1,3,Passenger,female,26,0,0,A/5 21171,7.92,,S
79,1,1,Passenger,female,35,1,0,A/5 21171,53.1,,S
80,0,3,Passenger,male,35,0,0,A/5 21171,8.05,,S
81,0,3,Passenger,male,22,1,0,A/5 21171,7.25,,S
82,1,1,Passenger,female,38,1,0,A/5 21171,71.28,,C
83,1,3,Passenger,female,26,0,0,A/5 21171,7.92,,S
84,1,1,Passenger,female,35,1,0,A/5 21171,53.1,,S
85,0,3,Passenger,male,35,0,0,A/5 21171,8.05,,S
86,0,3,Passenger,male,22,1,0,A/5 21171,7.25,,S
87,1,1,Passenger,female,38,1,0,A/5 21171,71.28,,C
88,1,3,Passenger,female,26,0,0,A/5 21171,7.92,,S
89,1,1,Passenger,female,35,1,0,A/5 21171,53.1,,S
90,0,3,Passenger,male,35,0,0,A/5 21171,8.05,,S
91,0,3,Passenger,male,22,1,0,A/5 21171,7.25,,S
92,1,1,Passenger,female,38,1,0,A/5 21171,71.28,,C
93,1,3,Passenger,female,26,0,0,A/5 21171,7.92,,S
94,1,1,Passenger,female,35,1,0,A/5 21171,53.1,,S
95,0,3,Passenger,male,35,0,0,A/5 21171,8.05,,S
96,0,3,Passenger,male,22,1,0,A/5 21171,7.25,,S
97,1,1,Passenger,female,38,1,0,A/5 21171,71.28,,C
98,1,3,Passenger,female,26,0,0,A/5 21171,7.92,,S
99,1,1,Passenger,female,35,1,0,A/5 21171,53.1,,S
100,0,3,Passenger,male,35,0,0,A/5 21171,8.05,,S
101,0,3,Passenger,male,22,1,0,A/5 21171,7.25,,S
102,1,1,Passenger,female,38,1,0,A/5 21171,71.28,,C
103,1,3,Passenger,female,26,0,0,A/5 21171,7.92,,S
104,1,1,Passenger,female,35,1,0,A/5 21171,53.1,,S
105,0,3,Passenger,male,35,0,0,A/5 21171,8.05,,S
106,0,3,Passenger,male,22,1,0,A/5 21171,7.25,,S
107,1,1,Passenger,female,38,1,0,A/5 21171,71.28,,C
108,1,3,Passenger,female,26,0,0,A/5 21171,7.92,,S
109,1,1,Passenger,female,35,1,0,A/5 21171,53.1,,S
110,0,3,Passenger,male,35,0,0,A/5 21171,8.05,,S
111,0,3,Passenger,male,22,1,0,A/5 21171,7.25,,S
112,1,1,Passenger,female,38,1,0,A/5 21171,71.28,,C
113,1,3,Passenger,female,26,0,0,A/5 21171,7.92,,S
114,1,1,Passenger,female,35,1,0,A/5 21171,53.1,,S
115,0,3,Passenger,male,35,0,0,A/5 21171,8.05,,S
116,0,3,Passenger,male,22,1,0,A/5 21171,7.25,,S
117,1,1,Passenger,female,38,1,0,A/5 21171,71.28,,C
118,1,3,Passenger,female,26,0,0,A/5 21171,7.92,,S
119,1,1,Passenger,female,35,1,0,A/5 21171,53.1,,S
120,0,3,Passenger,male,35,0,0,A/5 21171,8.05,,S
121,0,3,Passenger,male,22,1,0,A/5 21171,7.25,,S
122,1,1,Passenger,female,38,1,0,A/5 21171,71.28,,C
123,1,3,Passenger,female,26,0,0,A/5 21171,7.92,,S
124,1,1,Passenger,female,35,1,0,A/5 21171,53.1,,S
125,0,3,Passenger,male,35,0,0,A/5 21171,8.05,,S
126,0,3,Passenger,male,22,1,0,A/5 21171,7.25,,S
127,1,1,Passenger,female,38,1,0,A/5 21171,71.28,,C
128,1,3,Passenger,female,26,0,0,A/5 21171,7.92,,S
129,1,1,Passenger,female,35,1,0,A/5 21171,53.1,,S
130,0,3,Passenger,male,35,0,0,A/5 21171,8.05,,S
131,0,3,Passenger,male,22,1,0,A/5 21171,7.25,,S
132,1,1,Passenger,female,38,1,0,A/5 21171,71.28,,C
133,1,3,Passenger,female,26,0,0,A/5 21171,7.92,,S
134,1,1,Passenger,female,35,1,0,A/5 21171,53.1,,S
135,0,3,Passenger,male,35,0,0,A/5 21171,8.05,,S
136,0,3,Passenger,male,22,1,0,A/5 21171,7.25,,S
137,1,1,Passenger,female,38,1,0,A/5 21171,71.28,,C
138,1,3,Passenger,female,26,0,0,A/5 21171,7.92,,S
139,1,1,Passenger,female,35,1,0,A/5 21171,53.1,,S
140,0,3,Passenger,male,35,0,0,A/5 21171,8.05,,S
141,0,3,Passenger,male,22,1,0,A/5 21171,7.25,,S
142,1,1,Passenger,female,38,1,0,A/5 21171,71.28,,C
143,1,3,Passenger,female,26,0,0,A/5 21171,7.92,,S
144,1,1,Passenger,female,35,1,0,A/5 21171,53.1,,S
145,0,3,Passenger,male,35,0,0,A/5 21171,8.05,,S
146,0,3,Passenger,male,22,1,0,A/5 21171,7.25,,S
147,1,1,Passenger,female,38,1,0,A/5 21171,71.28,,C
148,1,3,Passenger,female,26,0,0,A/5 21171,7.92,,S
149,1,1,Passenger,female,35,1,0,A/5 21171,53.1,,S
150,0,3,Passenger,male,35,0,0,A/5 21171,8.05,,S
151,0,3,Passenger,male,22,1,0,A/5 21171,7.25,,S
152,1,1,Passenger,female,38,1,0,A/5 21171,71.28,,C
153,1,3,Passenger,female,26,0,0,A/5 21171,7.92,,S
154,1,1,Passenger,female,35,1,0,A/5 21171,53.1,,S
155,0,3,Passenger,male,35,0,0,A/5 21171,8.05,,S
156,0,3,Passenger,male,22,1,0,A/5 21171,7.25,,S
157,1,1,Passenger,female,38,1,0,A/5 21171,71.28,,C
158,1,3,Passenger,female,26,0,0,A/5 21171,7.92,,S
159,1,1,Passenger,female,35,1,0,A/5 21171,53.1,,S
160,0,3,Passenger,male,35,0,0,A/5 21171,8.05,,S
161,0,3,Passenger,male,22,1,0,A/5 21171,7.25,,S
162,1,1,Passenger,female,38,1,0,A/5 21171,71.28,,C
163,1,3,Passenger,female,26,0,0,A/5 21171,7.92,,S
164,1,1,Passenger,female,35,1,0,A/5 21171,53.1,,S
165,0,3,Passenger,male,35,0,0,A/5 21171,8.05,,S
166,0,3,Passenger,male,22,1,0,A/5 21171,7.25,,S
167,1,1,Passenger,female,38,1,0,A/5 21171,71.28,,C
168,1,3,Passenger,female,26,0,0,A/5 21171,7.92,,S
169,1,1,Passenger,female,35,1,0,A/5 21171,53.1,,S
170,0,3,Passenger,male,35,0,0,A/5 21171,8.05,,S
171,0,3,Passenger,male,22,1,0,A/5 21171,7.25,,S
172,1,1,Passenger,female,38,1,0,A/5 21171,71.28,,C
173,1,3,Passenger,female,26,0,0,A/5 21171,7.92,,S
174,1,1,Passenger,female,35,1,0,A/5 21171,53.1,,S
175,0,3,Passenger,male,35,0,0,A/5 21171,8.05,,S
176,0,3,Passenger,male,22,1,0,A/5 21171,7.25,,S
177,1,1,Passenger,female,38,1,0,A/5 21171,71.28,,C
178,1,3,Passenger,female,26,0,0,A/5 21171,7.92,,S
179,1,1,Passenger,female,35,1,0,A/5 21171,53.1,,S
180,0,3,Passenger,male,35,0,0,A/5 21171,8.05,,S
181,0,3,Passenger,male,22,1,0,A/5 21171,7.25,,S
182,1,1,Passenger,female,38,1,0,A/5 21171,71.28,,C
183,1,3,Passenger,female,26,0,0,A/5 21171,7.92,,S
184,1,1,Passenger,female,35,1,0,A/5 21171,53.1,,S
185,0,3,Passenger,male,35,0,0,A/5 21171,8.05,,S
186,0,3,Passenger,male,22,1,0,A/5 21171,7.25,,S
187,1,1,Passenger,female,38,1,0,A/5 21171,71.28,,C
188,1,3,Passenger,female,26,0,0,A/5 21171,7.92,,S
189,1,1,Passenger,female,35,1,0,A/5 21171,53.1,,S
190,0,3,Passenger,male,35,0,0,A/5 21171,8.05,,S
191,0,3,Passenger,male,22,1,0,A/5 21171,7.25,,S
192,1,1,Passenger,female,38,1,0,A/5 21171,71.28,,C
193,1,3,Passenger,female,26,0,0,A/5 21171,7.92,,S
194,1,1,Passenger,female,35,1,0,A/5 21171,53.1,,S
195,0,3,Passenger,male,35,0,0,A/5 21171,8.05,,S
196,0,3,Passenger,male,22,1,0,A/5 21171,7.25,,S
197,1,1,Passenger,female,38,1,0,A/5 21171,71.28,,C
198,1,3,Passenger,female,26,0,0,A/5 21171,7.92,,S
199,1,1,Passenger,female,35,1,0,A/5 21171,53.1,,S
200,0,3,Passenger,male,35,0,0,A/5 21171,8.05,,S
201,0,3,Passenger,male,22,1,0,A/5 21171,7.25,,S
202,1,1,Passenger,female,38,1,0,A/5 21171,71.28,,C
203,1,3,Passenger,female,26,0,0,A/5 21171,7.92,,S
204,1,1,Passenger,female,35,1,0,A/5 21171,53.1,,S
205,0,3,Passenger,male,35,0,0,A/5 21171,8.05,,S
206,0,3,Passenger,male,22,1,0,A/5 21171,7.25,,S
207,1,1,Passenger,female,38,1,0,A/5 21171,71.28,,C
208,1,3,Passenger,female,26,0,0,A/5 21171,7.92,,S
209,1,1,Passenger,female,35,1,0,A/5 21171,53.1,,S
210,0,3,Passenger,male,35,0,0,A/5 21171,8.05,,S
211,0,3,Passenger,male,22,1,0,A/5 21171,7.25,,S
212,1,1,Passenger,female,38,1,0,A/5 21171,71.28,,C
213,1,3,Passenger,female,26,0,0,A/5 21171,7.92,,S
214,1,1,Passenger,female,35,1,0,A/5 21171,53.1,,S
215,0,3,Passenger,male,35,0,0,A/5 21171,8.05,,S
216,0,3,Passenger,male,22,1,0,A/5 21171,7.25,,S
217,1,1,Passenger,female,38,1,0,A/5 21171,71.28,,C
218,1,3,Passenger,female,26,0,0,A/5 21171,7.92,,S
219,1,1,Passenger,female,35,1,0,A/5 21171,53.1,,S
220,0,3,Passenger,male,35,0,0,A/5 21171,8.05,,S
221,0,3,Passenger,male,22,1,0,A/5 21171,7.25,,S
222,1,1,Passenger,female,38,1,0,A/5 21171,71.28,,C
223,1,3,Passenger,female,26,0,0,A/5 21171,7.92,,S
224,1,1,Passenger,female,35,1,0,A/5 21171,53.1,,S
225,0,3,Passenger,male,35,0,0,A/5 21171,8.05,,S
226,0,3,Passenger,male,22,1,0,A/5 21171,7.25,,S
227,1,1,Passenger,female,38,1,0,A/5 21171,71.28,,C
228,1,3,Passenger,female,26,0,0,A/5 21171,7.92,,S
229,1,1,Passenger,female,35,1,0,A/5 21171,53.1,,S
230,0,3,Passenger,male,35,0,0,A/5 21171,8.05,,S
231,0,3,Passenger,male,22,1,0,A/5 21171,7.25,,S
232,1,1,Passenger,female,38,1,0,A/5 21171,71.28,,C
233,1,3,Passenger,female,26,0,0,A/5 21171,7.92,,S
234,1,1,Passenger,female,35,1,0,A/5 21171,53.1,,S
235,0,3,Passenger,male,35,0,0,A/5 21171,8.05,,S
236,0,3,Passenger,male,22,1,0,A/5 21171,7.25,,S
237,1,1,Passenger,female,38,1,0,A/5 21171,71.28,,C
238,1,3,Passenger,female,26,0,0,A/5 21171,7.92,,S
239,1,1,Passenger,female,35,1,0,A/5 21171,53.1,,S
240,0,3,Passenger,male,35,0,0,A/5 21171,8.05,,S
241,0,3,Passenger,male,22,1,0,A/5 21171,7.25,,S
242,1,1,Passenger,female,38,1,0,A/5 21171,71.28,,C
243,1,3,Passenger,female,26,0,0,A/5 21171,7.92,,S
244,1,1,Passenger,female,35,1,0,A/5 21171,53.1,,S
245,0,3,Passenger,male,35,0,0,A/5 21171,8.05,,S
246,0,3,Passenger,male,22,1,0,A/5 21171,7.25,,S
247,1,1,Passenger,female,38,1,0,A/5 21171,71.28,,C
248,1,3,Passenger,female,26,0,0,A/5 21171,7.92,,S
249,1,1,Passenger,female,35,1,0,A/5 21171,53.1,,S
250,0,3,Passenger,male,35,0,0,A/5 21171,8.05,,S
251,0,3,Passenger,male,22,1,0,A/5 21171,7.25,,S
252,1,1,Passenger,female,38,1,0,A/5 21171,71.28,,C
253,1,3,Passenger,female,26,0,0,A/5 21171,7.92,,S
254,1,1,Passenger,female,35,1,0,A/5 21171,53.1,,S
255,0,3,Passenger,male,35,0,0,A/5 21171,8.05,,S
256,0,3,Passenger,male,22,1,0,A/5 21171,7.25,,S
257,1,1,Passenger,female,38,1,0,A/5 21171,71.28,,C
258,1,3,Passenger,female,26,0,0,A/5 21171,7.92,,S
259,1,1,Passenger,female,35,1,0,A/5 21171,53.1,,S
260,0,3,Passenger,male,35,0,0,A/5 21171,8.05,,S
261,0,3,Passenger,male,22,1,0,A/5 21171,7.25,,S
262,1,1,Passenger,female,38,1,0,A/5 21171,71.28,,C
263,1,3,Passenger,female,26,0,0,A/5 21171,7.92,,S
264,1,1,Passenger,female,35,1,0,A/5 21171,53.1,,S
265,0,3,Passenger,male,35,0,0,A/5 21171,8.05,,S
266,0,3,Passenger,male,22,1,0,A/5 21171,7.25,,S
267,1,1,Passenger,female,38,1,0,A/5 21171,71.28,,C
268,1,3,Passenger,female,26,0,0,A/5 21171,7.92,,S
269,1,1,Passenger,female,35,1,0,A/5 21171,53.1,,S
270,0,3,Passenger,male,35,0,0,A/5 21171,8.05,,S
271,0,3,Passenger,male,22,1,0,A/5 21171,7.25,,S
272,1,1,Passenger,female,38,1,0,A/5 21171,71.28,,C
273,1,3,Passenger,female,26,0,0,A/5 21171,7.92,,S
274,1,1,Passenger,female,35,1,0,A/5 21171,53.1,,S
275,0,3,Passenger,male,35,0,0,A/5 21171,8.05,,S
276,0,3,Passenger,male,22,1,0,A/5 21171,7.25,,S
277,1,1,Passenger,female,38,1,0,A/5 21171,71.28,,C
278,1,3,Passenger,female,26,0,0,A/5 21171,7.92,,S
279,1,1,Passenger,female,35,1,0,A/5 21171,53.1,,S
280,0,3,Passenger,male,35,0,0,A/5 21171,8.05,,S
281,0,3,Passenger,male,22,1,0,A/5 21171,7.25,,S
282,1,1,Passenger,female,38,1,0,A/5 21171,71.28,,C
283,1,3,Passenger,female,26,0,0,A/5 21171,7.92,,S
284,1,1,Passenger,female,35,1,0,A/5 21171,53.1,,S
285,0,3,Passenger,male,35,0,0,A/5 21171,8.05,,S
286,0,3,Passenger,male,22,1,0,A/5 21171,7.25,,S
287,1,1,Passenger,female,38,1,0,A/5 21171,71.28,,C
288,1,3,Passenger,female,26,0,0,A/5 21171,7.92,,S
289,1,1,Passenger,female,35,1,0,A/5 21171,53.1,,S
290,0,3,Passenger,male,35,0,0,A/5 21171,8.05,,S
291,0,3,Passenger,male,22,1,0,A/5 21171,7.25,,S
292,1,1,Passenger,female,38,1,0,A/5 21171,71.28,,C
293,1,3,Passenger,female,26,0,0,A/5 21171,7.92,,S
294,1,1,Passenger,female,35,1,0,A/5 21171,53.1,,S
295,0,3,Passenger,male,35,0,0,A/5 21171,8.05,,S
296,0,3,Passenger,male,22,1,0,A/5 21171,7.25,,S
297,1,1,Passenger,female,38,1,0,A/5 21171,71.28,,C
298,1,3,Passenger,female,26,0,0,A/5 21171,7.92,,S
299,1,1,Passenger,female,35,1,0,A/5 21171,53.1,,S
300,0,3,Passenger,male,35,0,0,A/5 21171,8.05,,S
301,0,3,Passenger,male,22,1,0,A/5 21171,7.25,,S
302,1,1,Passenger,female,38,1,0,A/5 21171,71.28,,C
303,1,3,Passenger,female,26,0,0,A/5 21171,7.92,,S
304,1,1,Passenger,female,35,1,0,A/5 21171,53.1,,S
305,0,3,Passenger,male,35,0,0,A/5 21171,8.05,,S
306,0,3,Passenger,male,22,1,0,A/5 21171,7.25,,S
307,1,1,Passenger,female,38,1,0,A/5 21171,71.28,,C
308,1,3,Passenger,female,26,0,0,A/5 21171,7.92,,S
309,1,1,Passenger,female,35,1,0,A/5 21171,53.1,,S
310,0,3,Passenger,male,35,0,0,A/5 21171,8.05,,S
311,0,3,Passenger,male,22,1,0,A/5 21171,7.25,,S
312,1,1,Passenger,female,38,1,0,A/5 21171,71.28,,C
313,1,3,Passenger,female,26,0,0,A/5 21171,7.92,,S
314,1,1,Passenger,female,35,1,0,A/5 21171,53.1,,S
315,0,3,Passenger,male,35,0,0,A/5 21171,8.05,,S
316,0,3,Passenger,male,22,1,0,A/5 21171,7.25,,S
317,1,1,Passenger,female,38,1,0,A/5 21171,71.28,,C
318,1,3,Passenger,female,26,0,0,A/5 21171,7.92,,S
319,1,1,Passenger,female,35,1,0,A/5 21171,53.1,,S
320,0,3,Passenger,male,35,0,0,A/5 21171,8.05,,S
321,0,3,Passenger,male,22,1,0,A/5 21171,7.25,,S
322,1,1,Passenger,female,38,1,0,A/5 21171,71.28,,C
323,1,3,Passenger,female,26,0,0,A/5 21171,7.92,,S
324,1,1,Passenger,female,35,1,0,A/5 21171,53.1,,S
325,0,3,Passenger,male,35,0,0,A/5 21171,8.05,,S
326,0,3,Passenger,male,22,1,0,A/5 21171,7.25,,S
327,1,1,Passenger,female,38,1,0,A/5 21171,71.28,,C
328,1,3,Passenger,female,26,0,0,A/5 21171,7.92,,S
329,1,1,Passenger,female,35,1,0,A/5 21171,53.1,,S
330,0,3,Passenger,male,35,0,0,A/5 21171,8.05,,S
331,0,3,Passenger,male,22,1,0,A/5 21171,7.25,,S
332,1,1,Passenger,female,38,1,0,A/5 21171,71.28,,C
333,1,3,Passenger,female,26,0,0,A/5 21171,7.92,,S
334,1,1,Passenger,female,35,1,0,A/5 21171,53.1,,S
335,0,3,Passenger,male,35,0,0,A/5 21171,8.05,,S
336,0,3,Passenger,male,22,1,0,A/5 21171,7.25,,S
337,1,1,Passenger,female,38,1,0,A/5 21171,71.28,,C
338,1,3,Passenger,female,26,0,0,A/5 21171,7.92,,S
339,1,1,Passenger,female,35,1,0,A/5 21171,53.1,,S
340,0,3,Passenger,male,35,0,0,A/5 21171,8.05,,S
341,0,3,Passenger,male,22,1,0,A/5 21171,7.25,,S
342,1,1,Passenger,female,38,1,0,A/5 21171,71.28,,C
343,1,3,Passenger,female,26,0,0,A/5 21171,7.92,,S
344,1,1,Passenger,female,35,1,0,A/5 21171,53.1,,S
345,0,3,Passenger,male,35,0,0,A/5 21171,8.05,,S
346,0,3,Passenger,male,22,1,0,A/5 21171,7.25,,S
347,1,1,Passenger,female,38,1,0,A/5 21171,71.28,,C
348,1,3,Passenger,female,26,0,0,A/5 21171,7.92,,S
349,1,1,Passenger,female,35,1,0,A/5 21171,53.1,,S
350,0,3,Passenger,male,35,0,0,A/5 21171,8.05,,S
351,0,3,Passenger,male,22,1,0,A/5 21171,7.25,,S
352,1,1,Passenger,female,38,1,0,A/5 21171,71.28,,C
353,1,3,Passenger,female,26,0,0,A/5 21171,7.92,,S
354,1,1,Passenger,female,35,1,0,A/5 21171,53.1,,S
355,0,3,Passenger,male,35,0,0,A/5 21171,8.05,,S
356,0,3,Passenger,male,22,1,0,A/5 21171,7.25,,S
357,1,1,Passenger,female,38,1,0,A/5 21171,71.28,,C
358,1,3,Passenger,female,26,0,0,A/5 21171,7.92,,S
359,1,1,Passenger,female,35,1,0,A/5 21171,53.1,,S
360,0,3,Passenger,male,35,0,0,A/5 21171,8.05,,S
361,0,3,Passenger,male,22,1,0,A/5 21171,7.25,,S
362,1,1,Passenger,female,38,1,0,A/5 21171,71.28,,C
363,1,3,Passenger,female,26,0,0,A/5 21171,7.92,,S
364,1,1,Passenger,female,35,1,0,A/5 21171,53.1,,S
365,0,3,Passenger,male,35,0,0,A/5 21171,8.05,,S
366,0,3,Passenger,male,22,1,0,A/5 21171,7.25,,S
367,1,1,Passenger,female,38,1,0,A/5 21171,71.28,,C
368,1,3,Passenger,female,26,0,0,A/5 21171,7.92,,S
369,1,1,Passenger,female,35,1,0,A/5 21171,53.1,,S
370,0,3,Passenger,male,35,0,0,A/5 21171,8.05,,S
371,0,3,Passenger,male,22,1,0,A/5 21171,7.25,,S
372,1,1,Passenger,female,38,1,0,A/5 21171,71.28,,C
373,1,3,Passenger,female,26,0,0,A/5 21171,7.92,,S
374,1,1,Passenger,female,35,1,0,A/5 21171,53.1,,S
375,0,3,Passenger,male,35,0,0,A/5 21171,8.05,,S
376,0,3,Passenger,male,22,1,0,A/5 21171,7.25,,S
377,1,1,Passenger,female,38,1,0,A/5 21171,71.28,,C
378,1,3,Passenger,female,26,0,0,A/5 21171,7.92,,S
379,1,1,Passenger,female,35,1,0,A/5 21171,53.1,,S
380,0,3,Passenger,male,35,0,0,A/5 21171,8.05,,S
381,0,3,Passenger,male,22,1,0,A/5 21171,7.25,,S
382,1,1,Passenger,female,38,1,0,A/5 21171,71.28,,C
383,1,3,Passenger,female,26,0,0,A/5 21171,7.92,,S
384,1,1,Passenger,female,35,1,0,A/5 21171,53.1,,S
385,0,3,Passenger,male,35,0,0,A/5 21171,8.05,,S
386,0,3,Passenger,male,22,1,0,A/5 21171,7.25,,S
387,1,1,Passenger,female,38,1,0,A/5 21171,71.28,,C
388,1,3,Passenger,female,26,0,0,A/5 21171,7.92,,S
389,1,1,Passenger,female,35,1,0,A/5 21171,53.1,,S
390,0,3,Passenger,male,35,0,0,A/5 21171,8.05,,S
391,0,3,Passenger,male,22,1,0,A/5 21171,7.25,,S
392,1,1,Passenger,female,38,1,0,A/5 21171,71.28,,C
393,1,3,Passenger,female,26,0,0,A/5 21171,7.92,,S
394,1,1,Passenger,female,35,1,0,A/5 21171,53.1,,S
395,0,3,Passenger,male,35,0,0,A/5 21171,8.05,,S
396,0,3,Passenger,male,22,1,0,A/5 21171,7.25,,S
397,1,1,Passenger,female,38,1,0,A/5 21171,71.28,,C
398,1,3,Passenger,female,26,0,0,A/5 21171,7.92,,S
399,1,1,Passenger,female,35,1,0,A/5 21171,53.1,,S
400,0,3,Passenger,male,35,0,0,A/5 21171,8.05,,S
401,0,3,Passenger,male,22,1,0,A/5 21171,7.25,,S
402,1,1,Passenger,female,38,1,0,A/5 21171,71.28,,C
403,1,3,Passenger,female,26,0,0,A/5 21171,7.92,,S
404,1,1,Passenger,female,35,1,0,A/5 21171,53.1,,S
405,0,3,Passenger,male,35,0,0,A/5 21171,8.05,,S
406,0,3,Passenger,male,22,1,0,A/5 21171,7.25,,S
407,1,1,Passenger,female,38,1,0,A/5 21171,71.28,,C
408,1,3,Passenger,female,26,0,0,A/5 21171,7.92,,S
409,1,1,Passenger,female,35,1,0,A/5 21171,53.1,,S
410,0,3,Passenger,male,35,0,0,A/5 21171,8.05,,S
411,0,3,Passenger,male,22,1,0,A/5 21171,7.25,,S
412,1,1,Passenger,female,38,1,0,A/5 21171,71.28,,C
413,1,3,Passenger,female,26,0,0,A/5 21171,7.92,,S
414,1,1,Passenger,female,35,1,0,A/5 21171,53.1,,S
415,0,3,Passenger,male,35,0,0,A/5 21171,8.05,,S
416,0,3,Passenger,male,22,1,0,A/5 21171,7.25,,S
417,1,1,Passenger,female,38,1,0,A/5 21171,71.28,,C
418,1,3,Passenger,female,26,0,0,A/5 21171,7.92,,S
419,1,1,Passenger,female,35,1,0,A/5 21171,53.1,,S
420,0,3,Passenger,male,35,0,0,A/5 21171,8.05,,S
421,0,3,Passenger,male,22,1,0,A/5 21171,7.25,,S
422,1,1,Passenger,female,38,1,0,A/5 21171,71.28,,C
423,1,3,Passenger,female,26,0,0,A/5 21171,7.92,,S
424,1,1,Passenger,female,35,1,0,A/5 21171,53.1,,S
425,0,3,Passenger,male,35,0,0,A/5 21171,8.05,,S
426,0,3,Passenger,male,22,1,0,A/5 21171,7.25,,S
427,1,1,Passenger,female,38,1,0,A/5 21171,71.28,,C
428,1,3,Passenger,female,26,0,0,A/5 21171,7.92,,S
429,1,1,Passenger,female,35,1,0,A/5 21171,53.1,,S
430,0,3,Passenger,male,35,0,0,A/5 21171,8.05,,S
431,0,3,Passenger,male,22,1,0,A/5 21171,7.25,,S
432,1,1,Passenger,female,38,1,0,A/5 21171,71.28,,C
433,1,3,Passenger,female,26,0,0,A/5 21171,7.92,,S
434,1,1,Passenger,female,35,1,0,A/5 21171,53.1,,S
435,0,3,Passenger,male,35,0,0,A/5 21171,8.05,,S
436,0,3,Passenger,male,22,1,0,A/5 21171,7.25,,S
437,1,1,Passenger,female,38,1,0,A/5 21171,71.28,,C
438,1,3,Passenger,female,26,0,0,A/5 21171,7.92,,S
439,1,1,Passenger,female,35,1,0,A/5 21171,53.1,,S
440,0,3,Passenger,male,35,0,0,A/5 21171,8.05,,S
441,0,3,Passenger,male,22,1,0,A/5 21171,7.25,,S
442,1,1,Passenger,female,38,1,0,A/5 21171,71.28,,C
443,1,3,Passenger,female,26,0,0,A/5 21171,7.92,,S
444,1,1,Passenger,female,35,1,0,A/5 21171,53.1,,S
445,0,3,Passenger,male,35,0,0,A/5 21171,8.05,,S
446,0,3,Passenger,male,22,1,0,A/5 21171,7.25,,S
447,1,1,Passenger,female,38,1,0,A/5 21171,71.28,,C
448,1,3,Passenger,female,26,0,0,A/5 21171,7.92,,S
449,1,1,Passenger,female,35,1,0,A/5 21171,53.1,,S
450,0,3,Passenger,male,35,0,0,A/5 21171,8.05,,S
451,0,3,Passenger,male,22,1,0,A/5 21171,7.25,,S
452,1,1,Passenger,female,38,1,0,A/5 21171,71.28,,C
453,1,3,Passenger,female,26,0,0,A/5 21171,7.92,,S
454,1,1,Passenger,female,35,1,0,A/5 21171,53.1,,S
455,0,3,Passenger,male,35,0,0,A/5 21171,8.05,,S
456,0,3,Passenger,male,22,1,0,A/5 21171,7.25,,S
457,1,1,Passenger,female,38,1,0,A/5 21171,71.28,,C
458,1,3,Passenger,female,26,0,0,A/5 21171,7.92,,S
459,1,1,Passenger,female,35,1,0,A/5 21171,53.1,,S
460,0,3,Passenger,male,35,0,0,A/5 21171,8.05,,S
461,0,3,Passenger,male,22,1,0,A/5 21171,7.25,,S
462,1,1,Passenger,female,38,1,0,A/5 21171,71.28,,C
463,1,3,Passenger,female,26,0,0,A/5 21171,7.92,,S
464,1,1,Passenger,female,35,1,0,A/5 21171,53.1,,S
465,0,3,Passenger,male,35,0,0,A/5 21171,8.05,,S
466,0,3,Passenger,male,22,1,0,A/5 21171,7.25,,S
467,1,1,Passenger,female,38,1,0,A/5 21171,71.28,,C
468,1,3,Passenger,female,26,0,0,A/5 21171,7.92,,S
469,1,1,Passenger,female,35,1,0,A/5 21171,53.1,,S
470,0,3,Passenger,male,35,0,0,A/5 21171,8.05,,S
471,0,3,Passenger,male,22,1,0,A/5 21171,7.25,,S
472,1,1,Passenger,female,38,1,0,A/5 21171,71.28,,C
473,1,3,Passenger,female,26,0,0,A/5 21171,7.92,,S
474,1,1,Passenger,female,35,1,0,A/5 21171,53.1,,S
475,0,3,Passenger,male,35,0,0,A/5 21171,8.05,,S
476,0,3,Passenger,male,22,1,0,A/5 21171,7.25,,S
477,1,1,Passenger,female,38,1,0,A/5 21171,71.28,,C
478,1,3,Passenger,female,26,0,0,A/5 21171,7.92,,S
479,1,1,Passenger,female,35,1,0,A/5 21171,53.1,,S
480,0,3,Passenger,male,35,0,0,A/5 21171,8.05,,S
481,0,3,Passenger,male,22,1,0,A/5 21171,7.25,,S
482,1,1,Passenger,female,38,1,0,A/5 21171,71.28,,C
483,1,3,Passenger,female,26,0,0,A/5 21171,7.92,,S
484,1,1,Passenger,female,35,1,0,A/5 21171,53.1,,S
485,0,3,Passenger,male,35,0,0,A/5 21171,8.05,,S
486,0,3,Passenger,male,22,1,0,A/5 21171,7.25,,S
487,1,1,Passenger,female,38,1,0,A/5 21171,71.28,,C
488,1,3,Passenger,female,26,0,0,A/5 21171,7.92,,S
489,1,1,Passenger,female,35,1,0,A/5 21171,53.1,,S
490,0,3,Passenger,male,35,0,0,A/5 21171,8.05,,S
491,0,3,Passenger,male,22,1,0,A/5 21171,7.25,,S
492,1,1,Passenger,female,38,1,0,A/5 21171,71.28,,C
493,1,3,Passenger,female,26,0,0,A/5 21171,7.92,,S
494,1,1,Passenger,female,35,1,0,A/5 21171,53.1,,S
495,0,3,Passenger,male,35,0,0,A/5 21171,8.05,,S
496,0,3,Passenger,male,22,1,0,A/5 21171,7.25,,S
497,1,1,Passenger,female,38,1,0,A/5 21171,71.28,,C
498,1,3,Passenger,female,26,0,0,A/5 21171,7.92,,S
499,1,1,Passenger,female,35,1,0,A/5 21171,53.1,,S
500,0,3,Passenger,male,35,0,0,A/5 21171,8.05,,S
501,0,3,Passenger,male,22,1,0,A/5 21171,7.25,,S
502,1,1,Passenger,female,38,1,0,A/5 21171,71.28,,C
503,1,3,Passenger,female,26,0,0,A/5 21171,7.92,,S
504,1,1,Passenger,female,35,1,0,A/5 21171,53.1,,S
505,0,3,Passenger,male,35,0,0,A/5 21171,8.05,,S
506,0,3,Passenger,male,22,1,0,A/5 21171,7.25,,S
507,1,1,Passenger,female,38,1,0,A/5 21171,71.28,,C
508,1,3,Passenger,female,26,0,0,A/5 21171,7.92,,S
509,1,1,Passenger,female,35,1,0,A/5 21171,53.1,,S
510,0,3,Passenger,male,35,0,0,A/5 21171,8.05,,S
511,0,3,Passenger,male,22,1,0,A/5 21171,7.25,,S
512,1,1,Passenger,female,38,1,0,A/5 21171,71.28,,C
513,1,3,Passenger,female,26,0,0,A/5 21171,7.92,,S
514,1,1,Passenger,female,35,1,0,A/5 21171,53.1,,S
515,0,3,Passenger,male,35,0,0,A/5 21171,8.05,,S
516,0,3,Passenger,male,22,1,0,A/5 21171,7.25,,S
517,1,1,Passenger,female,38,1,0,A/5 21171,71.28,,C
518,1,3,Passenger,female,26,0,0,A/5 21171,7.92,,S
519,1,1,Passenger,female,35,1,0,A/5 21171,53.1,,S
520,0,3,Passenger,male,35,0,0,A/5 21171,8.05,,S
521,0,3,Passenger,male,22,1,0,A/5 21171,7.25,,S
522,1,1,Passenger,female,38,1,0,A/5 21171,71.28,,C
523,1,3,Passenger,female,26,0,0,A/5 21171,7.92,,S
524,1,1,Passenger,female,35,1,0,A/5 21171,53.1,,S
525,0,3,Passenger,male,35,0,0,A/5 21171,8.05,,S
526,0,3,Passenger,male,22,1,0,A/5 21171,7.25,,S
527,1,1,Passenger,female,38,1,0,A/5 21171,71.28,,C
528,1,3,Passenger,female,26,0,0,A/5 21171,7.92,,S
529,1,1,Passenger,female,35,1,0,A/5 21171,53.1,,S
530,0,3,Passenger,male,35,0,0,A/5 21171,8.05,,S
531,0,3,Passenger,male,22,1,0,A/5 21171,7.25,,S
532,1,1,Passenger,female,38,1,0,A/5 21171,71.28,,C
533,1,3,Passenger,female,26,0,0,A/5 21171,7.92,,S
534,1,1,Passenger,female,35,1,0,A/5 21171,53.1,,S
535,0,3,Passenger,male,35,0,0,A/5 21171,8.05,,S
536,0,3,Passenger,male,22,1,0,A/5 21171,7.25,,S
537,1,1,Passenger,female,38,1,0,A/5 21171,71.28,,C
538,1,3,Passenger,female,26,0,0,A/5 21171,7.92,,S
539,1,1,Passenger,female,35,1,0,A/5 21171,53.1,,S
540,0,3,Passenger,male,35,0,0,A/5 21171,8.05,,S
541,0,3,Passenger,male,22,1,0,A/5 21171,7.25,,S
542,1,1,Passenger,female,38,1,0,A/5 21171,71.28,,C
543,1,3,Passenger,female,26,0,0,A/5 21171,7.92,,S
544,1,1,Passenger,female,35,1,0,A/5 21171,53.1,,S
545,0,3,Passenger,male,35,0,0,A/5 21171,8.05,,S
546,0,3,Passenger,male,22,1,0,A/5 21171,7.25,,S
547,1,1,Passenger,female,38,1,0,A/5 21171,71.28,,C
548,1,3,Passenger,female,26,0,0,A/5 21171,7.92,,S
549,1,1,Passenger,female,35,1,0,A/5 21171,53.1,,S
550,0,3,Passenger,male,35,0,0,A/5 21171,8.05,,S
551,0,3,Passenger,male,22,1,0,A/5 21171,7.25,,S
552,1,1,Passenger,female,38,1,0,A/5 21171,71.28,,C
553,1,3,Passenger,female,26,0,0,A/5 21171,7.92,,S
554,1,1,Passenger,female,35,1,0,A/5 21171,53.1,,S
555,0,3,Passenger,male,35,0,0,A/5 21171,8.05,,S
556,0,3,Passenger,male,22,1,0,A/5 21171,7.25,,S
557,1,1,Passenger,female,38,1,0,A/5 21171,71.28,,C
558,1,3,Passenger,female,26,0,0,A/5 21171,7.92,,S
559,1,1,Passenger,female,35,1,0,A/5 21171,53.1,,S
560,0,3,Passenger,male,35,0,0,A/5 21171,8.05,,S
561,0,3,Passenger,male,22,1,0,A/5 21171,7.25,,S
562,1,1,Passenger,female,38,1,0,A/5 21171,71.28,,C
563,1,3,Passenger,female,26,0,0,A/5 21171,7.92,,S
564,1,1,Passenger,female,35,1,0,A/5 21171,53.1,,S
565,0,3,Passenger,male,35,0,0,A/5 21171,8.05,,S
566,0,3,Passenger,male,22,1,0,A/5 21171,7.25,,S
567,1,1,Passenger,female,38,1,0,A/5 21171,71.28,,C
568,1,3,Passenger,female,26,0,0,A/5 21171,7.92,,S
569,1,1,Passenger,female,35,1,0,A/5 21171,53.1,,S
570,0,3,Passenger,male,35,0,0,A/5 21171,8.05,,S
571,0,3,Passenger,male,22,1,0,A/5 21171,7.25,,S
572,1,1,Passenger,female,38,1,0,A/5 21171,71.28,,C
573,1,3,Passenger,female,26,0,0,A/5 21171,7.92,,S
574,1,1,Passenger,female,35,1,0,A/5 21171,53.1,,S
575,0,3,Passenger,male,35,0,0,A/5 21171,8.05,,S
576,0,3,Passenger,male,22,1,0,A/5 21171,7.25,,S
577,1,1,Passenger,female,38,1,0,A/5 21171,71.28,,C
578,1,3,Passenger,female,26,0,0,A/5 21171,7.92,,S
579,1,1,Passenger,female,35,1,0,A/5 21171,53.1,,S
580,0,3,Passenger,male,35,0,0,A/5 21171,8.05,,S
581,0,3,Passenger,male,22,1,0,A/5 21171,7.25,,S
582,1,1,Passenger,female,38,1,0,A/5 21171,71.28,,C
583,1,3,Passenger,female,26,0,0,A/5 21171,7.92,,S
584,1,1,Passenger,female,35,1,0,A/5 21171,53.1,,S
585,0,3,Passenger,male,35,0,0,A/5 21171,8.05,,S
586,0,3,Passenger,male,22,1,0,A/5 21171,7.25,,S
587,1,1,Passenger,female,38,1,0,A/5 21171,71.28,,C
588,1,3,Passenger,female,26,0,0,A/5 21171,7.92,,S
589,1,1,Passenger,female,35,1,0,A/5 21171,53.1,,S
590,0,3,Passenger,male,35,0,0,A/5 21171,8.05,,S
591,0,3,Passenger,male,22,1,0,A/5 21171,7.25,,S
592,1,1,Passenger,female,38,1,0,A/5 21171,71.28,,C
593,1,3,Passenger,female,26,0,0,A/5 21171,7.92,,S
594,1,1,Passenger,female,35,1,0,A/5 21171,53.1,,S
595,0,3,Passenger,male,35,0,0,A/5 21171,8.05,,S
596,0,3,Passenger,male,22,1,0,A/5 21171,7.25,,S
597,1,1,Passenger,female,38,1,0,A/5 21171,71.28,,C
598,1,3,Passenger,female,26,0,0,A/5 21171,7.92,,S
599,1,1,Passenger,female,35,1,0,A/5 21171,53.1,,S
600,0,3,Passenger,male,35,0,0,A/5 21171,8.05,,S
601,0,3,Passenger,male,22,1,0,A/5 21171,7.25,,S
602,1,1,Passenger,female,38,1,0,A/5 21171,71.28,,C
603,1,3,Passenger,female,26,0,0,A/5 21171,7.92,,S
604,1,1,Passenger,female,35,1,0,A/5 21171,53.1,,S
605,0,3,Passenger,male,35,0,0,A/5 21171,8.05,,S
606,0,3,Passenger,male,22,1,0,A/5 21171,7.25,,S
607,1,1,Passenger,female,38,1,0,A/5 21171,71.28,,C
608,1,3,Passenger,female,26,0,0,A/5 21171,7.92,,S
609,1,1,Passenger,female,35,1,0,A/5 21171,53.1,,S
610,0,3,Passenger,male,35,0,0,A/5 21171,8.05,,S
611,0,3,Passenger,male,22,1,0,A/5 21171,7.25,,S
612,1,1,Passenger,female,38,1,0,A/5 21171,71.28,,C
613,1,3,Passenger,female,26,0,0,A/5 21171,7.92,,S
614,1,1,Passenger,female,35,1,0,A/5 21171,53.1,,S
615,0,3,Passenger,male,35,0,0,A/5 21171,8.05,,S
616,0,3,Passenger,male,22,1,0,A/5 21171,7.25,,S
617,1,1,Passenger,female,38,1,0,A/5 21171,71.28,,C
618,1,3,Passenger,female,26,0,0,A/5 21171,7.92,,S
619,1,1,Passenger,female,35,1,0,A/5 21171,53.1,,S
620,0,3,Passenger,male,35,0,0,A/5 21171,8.05,,S
621,0,3,Passenger,male,22,1,0,A/5 21171,7.25,,S
622,1,1,Passenger,female,38,1,0,A/5 21171,71.28,,C
623,1,3,Passenger,female,26,0,0,A/5 21171,7.92,,S
624,1,1,Passenger,female,35,1,0,A/5 21171,53.1,,S
625,0,3,Passenger,male,35,0,0,A/5 21171,8.05,,S
626,0,3,Passenger,male,22,1,0,A/5 21171,7.25,,S
627,1,1,Passenger,female,38,1,0,A/5 21171,71.28,,C
628,1,3,Passenger,female,26,0,0,A/5 21171,7.92,,S
629,1,1,Passenger,female,35,1,0,A/5 21171,53.1,,S
630,0,3,Passenger,male,35,0,0,A/5 21171,8.05,,S
631,0,3,Passenger,male,22,1,0,A/5 21171,7.25,,S
632,1,1,Passenger,female,38,1,0,A/5 21171,71.28,,C
633,1,3,Passenger,female,26,0,0,A/5 21171,7.92,,S
634,1,1,Passenger,female,35,1,0,A/5 21171,53.1,,S
635,0,3,Passenger,male,35,0,0,A/5 21171,8.05,,S
636,0,3,Passenger,male,22,1,0,A/5 21171,7.25,,S
637,1,1,Passenger,female,38,1,0,A/5 21171,71.28,,C
638,1,3,Passenger,female,26,0,0,A/5 21171,7.92,,S
639,1,1,Passenger,female,35,1,0,A/5 21171,53.1,,S
640,0,3,Passenger,male,35,0,0,A/5 21171,8.05,,S
641,0,3,Passenger,male,22,1,0,A/5 21171,7.25,,S
642,1,1,Passenger,female,38,1,0,A/5 21171,71.28,,C
643,1,3,Passenger,female,26,0,0,A/5 21171,7.92,,S
644,1,1,Passenger,female,35,1,0,A/5 21171,53.1,,S
645,0,3,Passenger,male,35,0,0,A/5 21171,8.05,,S
646,0,3,Passenger,male,22,1,0,A/5 21171,7.25,,S
647,1,1,Passenger,female,38,1,0,A/5 21171,71.28,,C
648,1,3,Passenger,female,26,0,0,A/5 21171,7.92,,S
649,1,1,Passenger,female,35,1,0,A/5 21171,53.1,,S
650,0,3,Passenger,male,35,0,0,A/5 21171,8.05,,S
651,0,3,Passenger,male,22,1,0,A/5 21171,7.25,,S
652,1,1,Passenger,female,38,1,0,A/5 21171,71.28,,C
653,1,3,Passenger,female,26,0,0,A/5 21171,7.92,,S
654,1,1,Passenger,female,35,1,0,A/5 21171,53.1,,S
655,0,3,Passenger,male,35,0,0,A/5 21171,8.05,,S
656,0,3,Passenger,male,22,1,0,A/5 21171,7.25,,S
657,1,1,Passenger,female,38,1,0,A/5 21171,71.28,,C
658,1,3,Passenger,female,26,0,0,A/5 21171,7.92,,S
659,1,1,Passenger,female,35,1,0,A/5 21171,53.1,,S
660,0,3,Passenger,male,35,0,0,A/5 21171,8.05,,S
661,0,3,Passenger,male,22,1,0,A/5 21171,7.25,,S
662,1,1,Passenger,female,38,1,0,A/5 21171,71.28,,C
663,1,3,Passenger,female,26,0,0,A/5 21171,7.92,,S
664,1,1,Passenger,female,35,1,0,A/5 21171,53.1,,S
665,0,3,Passenger,male,35,0,0,A/5 21171,8.05,,S
666,0,3,Passenger,male,22,1,0,A/5 21171,7.25,,S
667,1,1,Passenger,female,38,1,0,A/5 21171,71.28,,C
668,1,3,Passenger,female,26,0,0,A/5 21171,7.92,,S
669,1,1,Passenger,female,35,1,0,A/5 21171,53.1,,S
670,0,3,Passenger,male,35,0,0,A/5 21171,8.05,,S
671,0,3,Passenger,male,22,1,0,A/5 21171,7.25,,S
672,1,1,Passenger,female,38,1,0,A/5 21171,71.28,,C
673,1,3,Passenger,female,26,0,0,A/5 21171,7.92,,S
674,1,1,Passenger,female,35,1,0,A/5 21171,53.1,,S
675,0,3,Passenger,male,35,0,0,A/5 21171,8.05,,S
676,0,3,Passenger,male,22,1,0,A/5 21171,7.25,,S
677,1,1,Passenger,female,38,1,0,A/5 21171,71.28,,C
678,1,3,Passenger,female,26,0,0,A/5 21171,7.92,,S
679,1,1,Passenger,female,35,1,0,A/5 21171,53.1,,S
680,0,3,Passenger,male,35,0,0,A/5 21171,8.05,,S
681,0,3,Passenger,male,22,1,0,A/5 21171,7.25,,S
682,1,1,Passenger,female,38,1,0,A/5 21171,71.28,,C
683,1,3,Passenger,female,26,0,0,A/5 21171,7.92,,S
684,1,1,Passenger,female,35,1,0,A/5 21171,53.1,,S
685,0,3,Passenger,male,35,0,0,A/5 21171,8.05,,S
686,0,3,Passenger,male,22,1,0,A/5 21171,7.25,,S
687,1,1,Passenger,female,38,1,0,A/5 21171,71.28,,C
688,1,3,Passenger,female,26,0,0,A/5 21171,7.92,,S
689,1,1,Passenger,female,35,1,0,A/5 21171,53.1,,S
690,0,3,Passenger,male,35,0,0,A/5 21171,8.05,,S
691,0,3,Passenger,male,22,1,0,A/5 21171,7.25,,S
692,1,1,Passenger,female,38,1,0,A/5 21171,71.28,,C
693,1,3,Passenger,female,26,0,0,A/5 21171,7.92,,S
694,1,1,Passenger,female,35,1,0,A/5 21171,53.1,,S
695,0,3,Passenger,male,35,0,0,A/5 21171,8.05,,S
696,0,3,Passenger,male,22,1,0,A/5 21171,7.25,,S
697,1,1,Passenger,female,38,1,0,A/5 21171,71.28,,C
698,1,3,Passenger,female,26,0,0,A/5 21171,7.92,,S
699,1,1,Passenger,female,35,1,0,A/5 21171,53.1,,S
700,0,3,Passenger,male,35,0,0,A/5 21171,8.05,,S
701,0,3,Passenger,male,22,1,0,A/5 21171,7.25,,S
702,1,1,Passenger,female,38,1,0,A/5 21171,71.28,,C
703,1,3,Passenger,female,26,0,0,A/5 21171,7.92,,S
704,1,1,Passenger,female,35,1,0,A/5 21171,53.1,,S
705,0,3,Passenger,male,35,0,0,A/5 21171,8.05,,S
706,0,3,Passenger,male,22,1,0,A/5 21171,7.25,,S
707,1,1,Passenger,female,38,1,0,A/5 21171,71.28,,C
708,1,3,Passenger,female,26,0,0,A/5 21171,7.92,,S
709,1,1,Passenger,female,35,1,0,A/5 21171,53.1,,S
710,0,3,Passenger,male,35,0,0,A/5 21171,8.05,,S
711,0,3,Passenger,male,22,1,0,A/5 21171,7.25,,S
712,1,1,Passenger,female,38,1,0,A/5 21171,71.28,,C
713,1,3,Passenger,female,26,0,0,A/5 21171,7.92,,S
714,1,1,Passenger,female,35,1,0,A/5 21171,53.1,,S
715,0,3,Passenger,male,35,0,0,A/5 21171,8.05,,S
716,0,3,Passenger,male,22,1,0,A/5 21171,7.25,,S
717,1,1,Passenger,female,38,1,0,A/5 21171,71.28,,C
718,1,3,Passenger,female,26,0,0,A/5 21171,7.92,,S
719,1,1,Passenger,female,35,1,0,A/5 21171,53.1,,S
720,0,3,Passenger,male,35,0,0,A/5 21171,8.05,,S
721,0,3,Passenger,male,22,1,0,A/5 21171,7.25,,S
722,1,1,Passenger,female,38,1,0,A/5 21171,71.28,,C
723,1,3,Passenger,female,26,0,0,A/5 21171,7.92,,S
724,1,1,Passenger,female,35,1,0,A/5 21171,53.1,,S
725,0,3,Passenger,male,35,0,0,A/5 21171,8.05,,S
726,0,3,Passenger,male,22,1,0,A/5 21171,7.25,,S
727,1,1,Passenger,female,38,1,0,A/5 21171,71.28,,C
728,1,3,Passenger,female,26,0,0,A/5 21171,7.92,,S
729,1,1,Passenger,female,35,1,0,A/5 21171,53.1,,S
730,0,3,Passenger,male,35,0,0,A/5 21171,8.05,,S
731,0,3,Passenger,male,22,1,0,A/5 21171,7.25,,S
732,1,1,Passenger,female,38,1,0,A/5 21171,71.28,,C
733,1,3,Passenger,female,26,0,0,A/5 21171,7.92,,S
734,1,1,Passenger,female,35,1,0,A/5 21171,53.1,,S
735,0,3,Passenger,male,35,0,0,A/5 21171,8.05,,S
736,0,3,Passenger,male,22,1,0,A/5 21171,7.25,,S
737,1,1,Passenger,female,38,1,0,A/5 21171,71.28,,C
738,1,3,Passenger,female,26,0,0,A/5 21171,7.92,,S
739,1,1,Passenger,female,35,1,0,A/5 21171,53.1,,S
740,0,3,Passenger,male,35,0,0,A/5 21171,8.05,,S
741,0,3,Passenger,male,22,1,0,A/5 21171,7.25,,S
742,1,1,Passenger,female,38,1,0,A/5 21171,71.28,,C
743,1,3,Passenger,female,26,0,0,A/5 21171,7.92,,S
744,1,1,Passenger,female,35,1,0,A/5 21171,53.1,,S
745,0,3,Passenger,male,35,0,0,A/5 21171,8.05,,S
746,0,3,Passenger,male,22,1,0,A/5 21171,7.25,,S
747,1,1,Passenger,female,38,1,0,A/5 21171,71.28,,C
748,1,3,Passenger,female,26,0,0,A/5 21171,7.92,,S
749,1,1,Passenger,female,35,1,0,A/5 21171,53.1,,S
750,0,3,Passenger,male,35,0,0,A/5 21171,8.05,,S
751,0,3,Passenger,male,22,1,0,A/5 21171,7.25,,S
752,1,1,Passenger,female,38,1,0,A/5 21171,71.28,,C
753,1,3,Passenger,female,26,0,0,A/5 21171,7.92,,S
754,1,1,Passenger,female,35,1,0,A/5 21171,53.1,,S
755,0,3,Passenger,male,35,0,0,A/5 21171,8.05,,S
756,0,3,Passenger,male,22,1,0,A/5 21171,7.25,,S
757,1,1,Passenger,female,38,1,0,A/5 21171,71.28,,C
758,1,3,Passenger,female,26,0,0,A/5 21171,7.92,,S
759,1,1,Passenger,female,35,1,0,A/5 21171,53.1,,S
760,0,3,Passenger,male,35,0,0,A/5 21171,8.05,,S
761,0,3,Passenger,male,22,1,0,A/5 21171,7.25,,S
762,1,1,Passenger,female,38,1,0,A/5 21171,71.28,,C
763,1,3,Passenger,female,26,0,0,A/5 21171,7.92,,S
764,1,1,Passenger,female,35,1,0,A/5 21171,53.1,,S
765,0,3,Passenger,male,35,0,0,A/5 21171,8.05,,S
766,0,3,Passenger,male,22,1,0,A/5 21171,7.25,,S
767,1,1,Passenger,female,38,1,0,A/5 21171,71.28,,C
768,1,3,Passenger,female,26,0,0,A/5 21171,7.92,,S
769,1,1,Passenger,female,35,1,0,A/5 21171,53.1,,S
770,0,3,Passenger,male,35,0,0,A/5 21171,8.05,,S
771,0,3,Passenger,male,22,1,0,A/5 21171,7.25,,S
772,1,1,Passenger,female,38,1,0,A/5 21171,71.28,,C
773,1,3,Passenger,female,26,0,0,A/5 21171,7.92,,S
774,1,1,Passenger,female,35,1,0,A/5 21171,53.1,,S
775,0,3,Passenger,male,35,0,0,A/5 21171,8.05,,S
776,0,3,Passenger,male,22,1,0,A/5 21171,7.25,,S
777,1,1,Passenger,female,38,1,0,A/5 21171,71.28,,C
778,1,3,Passenger,female,26,0,0,A/5 21171,7.92,,S
779,1,1,Passenger,female,35,1,0,A/5 21171,53.1,,S
780,0,3,Passenger,male,35,0,0,A/5 21171,8.05,,S
781,0,3,Passenger,male,22,1,0,A/5 21171,7.25,,S
782,1,1,Passenger,female,38,1,0,A/5 21171,71.28,,C
783,1,3,Passenger,female,26,0,0,A/5 21171,7.92,,S
784,1,1,Passenger,female,35,1,0,A/5 21171,53.1,,S
785,0,3,Passenger,male,35,0,0,A/5 21171,8.05,,S
786,0,3,Passenger,male,22,1,0,A/5 21171,7.25,,S
787,1,1,Passenger,female,38,1,0,A/5 21171,71.28,,C
788,1,3,Passenger,female,26,0,0,A/5 21171,7.92,,S
789,1,1,Passenger,female,35,1,0,A/5 21171,53.1,,S
790,0,3,Passenger,male,35,0,0,A/5 21171,8.05,,S
791,0,3,Passenger,male,22,1,0,A/5 21171,7.25,,S
792,1,1,Passenger,female,38,1,0,A/5 21171,71.28,,C
793,1,3,Passenger,female,26,0,0,A/5 21171,7.92,,S
794,1,1,Passenger,female,35,1,0,A/5 21171,53.1,,S
795,0,3,Passenger,male,35,0,0,A/5 21171,8.05,,S
796,0,3,Passenger,male,22,1,0,A/5 21171,7.25,,S
797,1,1,Passenger,female,38,1,0,A/5 21171,71.28,,C
798,1,3,Passenger,female,26,0,0,A/5 21171,7.92,,S
799,1,1,Passenger,female,35,1,0,A/5 21171,53.1,,S
800,0,3,Passenger,male,35,0,0,A/5 21171,8.05,,S
801,0,3,Passenger,male,22,1,0,A/5 21171,7.25,,S
802,1,1,Passenger,female,38,1,0,A/5 21171,71.28,,C
803,1,3,Passenger,female,26,0,0,A/5 21171,7.92,,S
804,1,1,Passenger,female,35,1,0,A/5 21171,53.1,,S
805,0,3,Passenger,male,35,0,0,A/5 21171,8.05,,S
806,0,3,Passenger,male,22,1,0,A/5 21171,7.25,,S
807,1,1,Passenger,female,38,1,0,A/5 21171,71.28,,C
808,1,3,Passenger,female,26,0,0,A/5 21171,7.92,,S
809,1,1,Passenger,female,35,1,0,A/5 21171,53.1,,S
810,0,3,Passenger,male,35,0,0,A/5 21171,8.05,,S
811,0,3,Passenger,male,22,1,0,A/5 21171,7.25,,S
812,1,1,Passenger,female,38,1,0,A/5 21171,71.28,,C
813,1,3,Passenger,female,26,0,0,A/5 21171,7.92,,S
814,1,1,Passenger,female,35,1,0,A/5 21171,53.1,,S
815,0,3,Passenger,male,35,0,0,A/5 21171,8.05,,S
816,0,3,Passenger,male,22,1,0,A/5 21171,7.25,,S
817,1,1,Passenger,female,38,1,0,A/5 21171,71.28,,C
818,1,3,Passenger,female,26,0,0,A/5 21171,7.92,,S
819,1,1,Passenger,female,35,1,0,A/5 21171,53.1,,S
820,0,3,Passenger,male,35,0,0,A/5 21171,8.05,,S
821,0,3,Passenger,male,22,1,0,A/5 21171,7.25,,S
822,1,1,Passenger,female,38,1,0,A/5 21171,71.28,,C
823,1,3,Passenger,female,26,0,0,A/5 21171,7.92,,S
824,1,1,Passenger,female,35,1,0,A/5 21171,53.1,,S
825,0,3,Passenger,male,35,0,0,A/5 21171,8.05,,S
826,0,3,Passenger,male,22,1,0,A/5 21171,7.25,,S
827,1,1,Passenger,female,38,1,0,A/5 21171,71.28,,C
828,1,3,Passenger,female,26,0,0,A/5 21171,7.92,,S
829,1,1,Passenger,female,35,1,0,A/5 21171,53.1,,S
830,0,3,Passenger,male,35,0,0,A/5 21171,8.05,,S
831,0,3,Passenger,male,22,1,0,A/5 21171,7.25,,S
832,1,1,Passenger,female,38,1,0,A/5 21171,71.28,,C
833,1,3,Passenger,female,26,0,0,A/5 21171,7.92,,S
834,1,1,Passenger,female,35,1,0,A/5 21171,53.1,,S
835,0,3,Passenger,male,35,0,0,A/5 21171,8.05,,S
836,0,3,Passenger,male,22,1,0,A/5 21171,7.25,,S
837,1,1,Passenger,female,38,1,0,A/5 21171,71.28,,C
838,1,3,Passenger,female,26,0,0,A/5 21171,7.92,,S
839,1,1,Passenger,female,35,1,0,A/5 21171,53.1,,S
840,0,3,Passenger,male,35,0,0,A/5 21171,8.05,,S
841,0,3,Passenger,male,22,1,0,A/5 21171,7.25,,S
842,1,1,Passenger,female,38,1,0,A/5 21171,71.28,,C
843,1,3,Passenger,female,26,0,0,A/5 21171,7.92,,S
844,1,1,Passenger,female,35,1,0,A/5 21171,53.1,,S
845,0,3,Passenger,male,35,0,0,A/5 21171,8.05,,S
846,0,3,Passenger,male,22,1,0,A/5 21171,7.25,,S
847,1,1,Passenger,female,38,1,0,A/5 21171,71.28,,C
848,1,3,Passenger,female,26,0,0,A/5 21171,7.92,,S
849,1,1,Passenger,female,35,1,0,A/5 21171,53.1,,S
850,0,3,Passenger,male,35,0,0,A/5 21171,8.05,,S
851,0,3,Passenger,male,22,1,0,A/5 21171,7.25,,S
852,1,1,Passenger,female,38,1,0,A/5 21171,71.28,,C
853,1,3,Passenger,female,26,0,0,A/5 21171,7.92,,S
854,1,1,Passenger,female,35,1,0,A/5 21171,53.1,,S
855,0,3,Passenger,male,35,0,0,A/5 21171,8.05,,S
856,0,3,Passenger,male,22,1,0,A/5 21171,7.25,,S
857,1,1,Passenger,female,38,1,0,A/5 21171,71.28,,C
858,1,3,Passenger,female,26,0,0,A/5 21171,7.92,,S
859,1,1,Passenger,female,35,1,0,A/5 21171,53.1,,S
860,0,3,Passenger,male,35,0,0,A/5 21171,8.05,,S
861,0,3,Passenger,male,22,1,0,A/5 21171,7.25,,S
862,1,1,Passenger,female,38,1,0,A/5 21171,71.28,,C
863,1,3,Passenger,female,26,0,0,A/5 21171,7.92,,S
864,1,1,Passenger,female,35,1,0,A/5 21171,53.1,,S
865,0,3,Passenger,male,35,0,0,A/5 21171,8.05,,S
866,0,3,Passenger,male,22,1,0,A/5 21171,7.25,,S
867,1,1,Passenger,female,38,1,0,A/5 21171,71.28,,C
868,1,3,Passenger,female,26,0,0,A/5 21171,7.92,,S
869,1,1,Passenger,female,35,1,0,A/5 21171,53.1,,S
870,0,3,Passenger,male,35,0,0,A/5 21171,8.05,,S
871,0,3,Passenger,male,22,1,0,A/5 21171,7.25,,S
872,1,1,Passenger,female,38,1,0,A/5 21171,71.28,,C
873,1,3,Passenger,female,26,0,0,A/5 21171,7.92,,S
874,1,1,Passenger,female,35,1,0,A/5 21171,53.1,,S
875,0,3,Passenger,male,35,0,0,A/5 21171,8.05,,S
876,0,3,Passenger,male,22,1,0,A/5 21171,7.25,,S
877,1,1,Passenger,female,38,1,0,A/5 21171,71.28,,C
878,1,3,Passenger,female,26,0,0,A/5 21171,7.92,,S
879,1,1,Passenger,female,35,1,0,A/5 21171,53.1,,S
880,0,3,Passenger,male,35,0,0,A/5 21171,8.05,,S
881,0,3,Passenger,male,22,1,0,A/5 21171,7.25,,S
882,1,1,Passenger,female,38,1,0,A/5 21171,71.28,,C
883,1,3,Passenger,female,26,0,0,A/5 21171,7.92,,S
884,1,1,Passenger,female,35,1,0,A/5 21171,53.1,,S
885,0,3,Passenger,male,35,0,0,A/5 21171,8.05,,S
886,0,3,Passenger,male,22,1,0,A/5 21171,7.25,,S
887,1,1,Passenger,female,38,1,0,A/5 21171,71.28,,C
888,1,3,Passenger,female,26,0,0,A/5 21171,7.92,,S
889,1,1,Passenger,female,35,1,0,A/5 21171,53.1,,S
890,0,3,Passenger,male,35,0,0,A/5 21171,8.05,,S
891,0,3,Passenger,male,28,0,0,A/5 21171,8.46,,S
